,0
0,-2.85
1,-13.07
2,-17.81
3,-27.81
4,-20.51
5,-15.29
6,-9.35
7,-17.12
8,-32.34
9,-28.47
10,-6.72
11,-4.57
12,-17.41
13,-25.23
14,-32.28
15,-37.71
16,-37.93
17,-53.92
18,-54.93
19,-40.11
20,-9.72
21,-5.99
22,-32.28
23,-26.47
24,-17.59
25,3.16
26,2.36
27,9.82
28,-10.44
29,-26.76
30,-22.77
31,-7.97
32,-7.74
33,-3.5
34,-17.44
35,-26.32
36,-11.83
37,9.44
38,-2.18
39,-6.33
40,12.39
41,32.67
42,42.48
43,51.87
44,38.52
45,25.2
46,43.49
47,50.16
48,49.82
49,44.61
50,53.86
51,68.42
52,73.11
53,67.22
54,82.33
55,98.12
56,104.12
57,99.45
58,99.36
59,93.33
60,103.82
61,95.22
62,104.3
63,90.08
64,92.97
65,93.74
66,98.05
67,85.47
68,90.3
69,96.09
70,92.23
71,88.64
72,100.74
73,94.81
74,111.32
75,104.42
76,104.12
77,88.82
78,110.04
79,111.48
80,110.14
81,102.01
82,87.49
83,82.13
84,77.4
85,79.72
86,64.77
87,72.04
88,101.91
89,68.12
90,68.35
91,61.16
92,77.77
93,70.0
94,80.3
95,69.91
96,74.1
97,75.16
98,77.22
99,70.64
100,68.48
101,53.39
102,56.51
103,51.11
104,60.75
105,39.97
106,59.55
107,49.77
108,66.91
109,38.14
110,35.02
111,33.53
112,25.84
113,1.33
114,-8.83
115,-6.72
116,-1.98
117,-19.47
118,-23.13
119,-51.31
120,-29.62
121,-44.82
122,-46.16
123,-55.74
124,-59.94
125,-74.28
126,-80.48
127,-87.59
128,-93.86
129,-87.78
130,-87.03
131,-85.32
132,-95.08
133,-122.57
134,-108.58
135,-117.99
136,-109.54
137,-118.99
138,-122.95
139,-136.41
140,-131.37
141,-137.05
142,-144.81
143,-130.42
144,-136.22
145,-123.47
146,-145.72
147,-137.73
148,-124.03
149,-114.34
150,-119.44
151,-150.35
152,-157.24
153,-152.82
154,-131.74
155,-137.06
156,-118.22
157,-107.86
158,-109.71
159,-111.18
160,-100.61
161,-87.84
162,-67.39
163,-64.04
164,-67.02
165,-81.55
166,-86.5
167,-89.81
168,-79.17
169,-97.22
170,-77.81
171,-68.77
172,-54.78
173,-82.35
174,-80.08
175,-83.45
176,-87.66
177,-98.75
178,-111.38
179,-120.75
180,-122.72
181,-125.84
182,-149.51
183,-157.64
184,-124.83
185,-111.85
186,-110.86
187,-137.14
188,-142.96
189,-153.51
190,-140.58
191,-148.91
192,-149.84
193,-155.28
194,-152.5
195,-141.2
196,-146.06
197,-169.59
198,-159.37
199,-151.54
200,-135.98
201,-146.48
202,-155.35
203,-163.8
204,-154.71
205,-156.42
206,-168.39
207,-186.31
208,-186.78
209,-172.24
210,-149.42
211,-168.75
212,-174.85
213,-158.26
214,-129.84
215,-126.14
216,-134.48
217,-154.79
218,-157.18
219,-140.28
220,-133.21
221,-140.53
222,-146.39
223,-128.3
224,-112.41
225,-113.06
226,-118.16
227,-103.73
228,-80.08
229,-70.42
230,-73.87
231,-96.75
232,-114.89
233,-98.02
234,-92.38
235,-82.67
236,-107.22
237,-94.38
238,-89.46
239,-68.28
240,-80.96
241,-69.03
242,-64.69
243,-63.6
244,-72.77
245,-73.26
246,-82.06
247,-92.28
248,-99.87
249,-92.93
250,-100.6
251,-95.05
252,-103.45
253,-96.86
254,-108.39
255,-87.69
256,-77.42
257,-72.6
258,-95.92
259,-103.95
260,-110.2
261,-117.87
262,-115.65
263,-113.07
264,-125.8
265,-115.26
266,-112.93
267,-109.39
268,-124.87
269,-100.46
270,-99.06
271,-94.66
272,-99.7
273,-107.59
274,-120.87
275,-126.39
276,-131.71
277,-132.34
278,-127.0
279,-107.72
280,-119.7
281,-132.21
282,-145.88
283,-129.85
284,-154.55
285,-144.7
286,-136.11
287,-126.43
288,-145.66
289,-151.68
290,-163.45
291,-167.56
292,-160.7
293,-150.32
294,-149.41
295,-145.68
296,-145.16
297,-129.99
298,-144.15
299,-141.39
300,-145.26
301,-150.72
302,-164.38
303,-172.33
304,-191.55
305,-201.55
306,-192.44
307,-189.26
308,-189.53
309,-190.28
310,-195.55
311,-196.05
312,-191.86
313,-188.52
314,-205.5
315,-205.24
316,-203.45
317,-196.28
318,-207.15
319,-219.15
320,-222.09
321,-217.48
322,-208.08
323,-212.91
324,-205.31
325,-196.46
326,-192.4
327,-184.71
328,-176.43
329,-171.99
330,-186.35
331,-206.47
332,-206.62
333,-189.8
334,-195.06
335,-200.11
336,-199.24
337,-192.49
338,-184.47
339,-180.72
340,-190.74
341,-169.55
342,-158.73
343,-166.96
344,-174.86
345,-181.45
346,-192.83
347,-195.55
348,-195.07
349,-182.28
350,-199.82
351,-191.45
352,-182.01
353,-175.26
354,-204.15
355,-186.71
356,-176.64
357,-172.58
358,-188.06
359,-193.05
360,-212.73
361,-218.1
362,-216.08
363,-206.65
364,-225.41
365,-214.21
366,-206.55
367,-205.7
368,-233.71
369,-212.17
370,-206.94
371,-200.49
372,-205.32
373,-207.3
374,-219.94
375,-218.14
376,-209.55
377,-194.3
378,-226.74
379,-215.06
380,-205.72
381,-188.26
382,-219.9
383,-203.28
384,-199.89
385,-185.23
386,-210.28
387,-215.6
388,-238.54
389,-243.23
390,-244.02
391,-253.95
392,-242.06
393,-218.72
394,-215.9
395,-241.74
396,-269.32
397,-244.23
398,-247.17
399,-242.6
400,-253.29
401,-241.67
402,-245.26
403,-241.64
404,-226.07
405,-221.62
406,-217.1
407,-201.97
408,-217.15
409,-209.66
410,-218.78
411,-208.42
412,-219.81
413,-205.63
414,-214.3
415,-203.6
416,-229.09
417,-227.97
418,-229.5
419,-232.45
420,-244.13
421,-235.47
422,-248.91
423,-234.73
424,-249.28
425,-242.04
426,-248.42
427,-233.48
428,-241.53
429,-248.85
430,-264.13
431,-252.99
432,-259.02
433,-265.44
434,-277.9
435,-269.33
436,-276.95
437,-271.01
438,-286.26
439,-266.34
440,-288.91
441,-285.04
442,-293.63
443,-278.03
444,-298.98
445,-307.55
446,-319.44
447,-306.8
448,-319.81
449,-338.48
450,-341.83
451,-317.63
452,-322.68
453,-323.82
454,-348.47
455,-339.92
456,-336.56
457,-331.81
458,-339.97
459,-337.03
460,-342.88
461,-354.74
462,-363.45
463,-364.34
464,-366.41
465,-360.43
466,-367.85
467,-376.0
468,-396.23
469,-385.2
470,-392.73
471,-378.51
472,-394.85
473,-401.59
474,-405.63
475,-391.49
476,-377.6
477,-378.85
478,-394.71
479,-368.76
480,-372.99
481,-359.88
482,-402.6
483,-404.52
484,-399.11
485,-373.64
486,-383.18
487,-393.46
488,-401.49
489,-389.67
490,-375.31
491,-366.34
492,-378.83
493,-350.05
494,-341.25
495,-343.52
496,-364.16
497,-343.59
498,-342.59
499,-328.3
500,-345.26
501,-322.79
502,-319.9
503,-312.44
504,-312.45
505,-287.9
506,-305.58
507,-305.56
508,-310.85
509,-265.8
510,-268.79
511,-265.73
512,-253.87
513,-239.84
514,-257.44
515,-270.86
516,-264.25
517,-220.13
518,-210.21
519,-209.88
520,-231.59
521,-225.77
522,-224.69
523,-213.48
524,-203.61
525,-192.87
526,-190.32
527,-174.44
528,-175.56
529,-181.64
530,-191.21
531,-180.85
532,-179.95
533,-176.17
534,-201.99
535,-203.86
536,-205.47
537,-183.17
538,-190.44
539,-185.95
540,-186.63
541,-167.3
542,-166.99
543,-166.24
544,-184.79
545,-187.16
546,-176.18
547,-155.97
548,-168.8
549,-159.89
550,-163.86
551,-155.82
552,-163.66
553,-147.37
554,-147.61
555,-146.0
556,-142.95
557,-134.67
558,-141.75
559,-130.93
560,-117.56
561,-104.59
562,-123.26
563,-123.26
564,-129.9
565,-109.05
566,-139.66
567,-118.84
568,-121.67
569,-119.48
570,-112.77
571,-125.53
572,-121.43
573,-96.88
574,-93.7
575,-85.59
576,-83.68
577,-51.45
578,-61.23
579,-50.26
580,-69.53
581,-58.59
582,-68.15
583,-54.87
584,-59.99
585,-53.33
586,-79.56
587,-79.94
588,-88.29
589,-79.43
590,-110.9
591,-105.0
592,-94.48
593,-82.01
594,-100.37
595,-105.44
596,-108.82
597,-89.64
598,-105.79
599,-109.11
600,-126.88
601,-120.94
602,-125.55
603,-110.05
604,-116.71
605,-110.34
606,-96.73
607,-103.87
608,-116.04
609,-97.4
610,-97.76
611,-80.04
612,-119.12
613,-126.59
614,-127.51
615,-105.38
616,-136.97
617,-138.04
618,-151.2
619,-142.97
620,-150.4
621,-168.14
622,-183.51
623,-163.2
624,-152.36
625,-168.11
626,-176.27
627,-158.11
628,-149.24
629,-137.79
630,-150.2
631,-153.98
632,-155.81
633,-147.77
634,-139.55
635,-162.51
636,-169.93
637,-166.68
638,-165.98
639,-185.43
640,-165.51
641,-147.34
642,-138.05
643,-165.66
644,-168.29
645,-178.94
646,-175.58
647,-176.72
648,-164.48
649,-187.05
650,-192.46
651,-191.29
652,-191.17
653,-199.6
654,-189.29
655,-183.86
656,-168.62
657,-177.95
658,-174.24
659,-180.03
660,-151.7
661,-143.62
662,-125.58
663,-164.96
664,-175.33
665,-174.69
666,-155.07
667,-160.09
668,-152.82
669,-170.18
670,-155.0
671,-153.46
672,-147.38
673,-149.05
674,-124.81
675,-124.72
676,-122.12
677,-125.9
678,-134.62
679,-137.28
680,-129.83
681,-137.71
682,-128.98
683,-151.12
684,-138.81
685,-144.94
686,-119.24
687,-136.38
688,-116.42
689,-125.9
690,-115.09
691,-129.28
692,-131.39
693,-149.97
694,-152.83
695,-150.59
696,-156.26
697,-162.05
698,-161.86
699,-164.16
700,-158.52
701,-179.14
702,-173.35
703,-188.01
704,-177.8
705,-193.69
706,-186.48
707,-208.19
708,-222.41
709,-233.12
710,-227.26
711,-230.05
712,-232.55
713,-228.1
714,-224.5
715,-254.45
716,-251.4
717,-258.97
718,-228.82
719,-243.64
720,-233.78
721,-238.76
722,-230.25
723,-231.89
724,-225.62
725,-250.19
726,-253.52
727,-250.7
728,-234.17
729,-267.88
730,-256.44
731,-255.85
732,-236.95
733,-256.45
734,-271.86
735,-270.8
736,-246.78
737,-253.45
738,-258.44
739,-271.15
740,-264.01
741,-270.84
742,-263.66
743,-280.82
744,-270.43
745,-272.47
746,-261.21
747,-279.95
748,-272.67
749,-276.76
750,-273.11
751,-287.47
752,-288.46
753,-284.21
754,-291.83
755,-301.64
756,-291.49
757,-297.97
758,-282.47
759,-295.43
760,-298.7
761,-308.98
762,-299.51
763,-299.71
764,-310.49
765,-320.42
766,-319.49
767,-312.79
768,-316.28
769,-307.74
770,-308.07
771,-304.91
772,-286.56
773,-303.41
774,-301.35
775,-300.75
776,-303.13
777,-326.04
778,-322.34
779,-318.8
780,-322.3
781,-331.72
782,-329.59
783,-348.46
784,-350.98
785,-342.21
786,-344.05
787,-329.45
788,-315.52
789,-305.68
790,-315.35
791,-314.85
792,-303.21
793,-286.49
794,-280.58
795,-297.87
796,-313.83
797,-323.6
798,-312.23
799,-315.18
800,-314.83
801,-314.83
802,-299.24
803,-283.45
804,-269.65
805,-300.56
806,-293.59
807,-277.5
808,-261.81
809,-281.95
810,-279.88
811,-292.7
812,-291.81
813,-305.93
814,-301.67
815,-300.27
816,-288.24
817,-281.72
818,-286.5
819,-299.17
820,-279.68
821,-247.76
822,-232.41
823,-244.67
824,-254.28
825,-263.77
826,-253.14
827,-249.7
828,-225.86
829,-229.25
830,-227.03
831,-229.33
832,-226.25
833,-244.07
834,-233.35
835,-228.77
836,-209.67
837,-202.8
838,-225.89
839,-241.9
840,-235.96
841,-234.19
842,-238.0
843,-227.66
844,-211.73
845,-221.07
846,-217.25
847,-215.94
848,-211.47
849,-236.53
850,-231.99
851,-227.86
852,-231.16
853,-234.07
854,-237.59
855,-225.9
856,-222.13
857,-208.89
858,-217.09
859,-208.99
860,-199.21
861,-217.33
862,-233.1
863,-238.6
864,-246.53
865,-278.83
866,-267.35
867,-249.94
868,-240.42
869,-257.86
870,-269.06
871,-277.18
872,-262.52
873,-257.61
874,-251.31
875,-255.53
876,-274.55
877,-277.56
878,-273.13
879,-288.09
880,-291.53
881,-272.8
882,-250.29
883,-253.93
884,-271.03
885,-275.32
886,-266.74
887,-271.87
888,-269.68
889,-261.61
890,-261.3
891,-253.41
892,-248.26
893,-233.46
894,-235.78
895,-212.8
896,-185.83
897,-172.59
898,-180.71
899,-189.33
900,-212.13
901,-211.97
902,-209.34
903,-211.01
904,-211.8
905,-194.27
906,-201.0
907,-214.61
908,-226.22
909,-202.73
910,-171.37
911,-154.88
912,-179.15
913,-206.61
914,-216.34
915,-191.87
916,-179.51
917,-174.98
918,-196.26
919,-198.44
920,-202.09
921,-176.19
922,-166.65
923,-143.84
924,-148.67
925,-139.87
926,-145.45
927,-146.29
928,-143.46
929,-132.12
930,-112.66
931,-92.03
932,-83.85
933,-100.37
934,-101.8
935,-80.26
936,-66.29
937,-55.74
938,-40.62
939,-33.02
940,-28.91
941,-14.41
942,11.08
943,13.77
944,19.28
945,10.18
946,12.61
947,4.33
948,15.52
949,17.54
950,24.72
951,21.95
952,15.5
953,15.86
954,17.56
955,33.21
956,35.63
957,42.67
958,63.32
959,54.61
960,56.56
961,41.42
962,35.9
963,34.15
964,54.88
965,58.04
966,57.7
967,49.69
968,46.72
969,55.37
970,68.97
971,72.11
972,76.11
973,82.93
974,85.34
975,73.81
976,78.18
977,83.72
978,101.7
979,109.4
980,150.21
981,136.41
982,126.87
983,128.68
984,124.6
985,108.15
986,113.27
987,131.12
988,101.99
989,101.92
990,111.93
991,119.3
992,101.92
993,104.49
994,100.63
995,101.6
996,106.26
997,111.57
998,97.52
999,101.76
1000,107.43
1001,132.82
1002,113.38
1003,108.47
1004,110.53
1005,107.24
1006,84.96
1007,83.15
1008,73.0
1009,70.31
1010,70.5
1011,69.55
1012,86.61
1013,74.55
1014,77.52
1015,75.34
1016,89.87
1017,77.21
1018,66.97
1019,57.17
1020,47.95
1021,64.11
1022,50.6
1023,44.72
1024,41.06
1025,38.38
1026,42.54
1027,53.3
1028,60.82
1029,48.71
1030,65.84
1031,80.56
1032,87.01
1033,77.98
1034,68.87
1035,57.04
1036,52.87
1037,64.41
1038,61.92
1039,61.51
1040,48.91
1041,52.25
1042,48.9
1043,65.24
1044,76.04
1045,92.12
1046,79.05
1047,79.64
1048,80.86
1049,93.56
1050,79.31
1051,84.88
1052,83.93
1053,86.04
1054,75.22
1055,76.61
1056,64.4
1057,73.0
1058,77.93
1059,64.89
1060,70.17
1061,92.02
1062,100.19
1063,91.49
1064,82.88
1065,85.51
1066,87.01
1067,84.03
1068,68.04
1069,66.83
1070,69.56
1071,73.48
1072,74.69
1073,72.29
1074,72.37
1075,86.12
1076,89.81
1077,98.59
1078,91.34
1079,77.05
1080,63.9
1081,60.69
1082,57.37
1083,49.83
1084,35.46
1085,31.21
1086,36.46
1087,52.58
1088,35.34
1089,41.77
1090,60.76
1091,77.24
1092,57.1
1093,58.29
1094,44.2
1095,47.11
1096,47.59
1097,59.78
1098,55.43
1099,51.13
1100,50.46
1101,53.34
1102,52.52
1103,63.45
1104,93.33
1105,100.38
1106,99.36
1107,93.8
1108,83.43
1109,93.1
1110,90.51
1111,104.81
1112,101.36
1113,104.63
1114,107.43
1115,95.28
1116,82.94
1117,97.58
1118,116.43
1119,113.71
1120,111.13
1121,111.96
1122,104.88
1123,107.59
1124,96.05
1125,90.54
1126,79.69
1127,89.66
1128,90.88
1129,88.77
1130,72.95
1131,81.14
1132,80.45
1133,80.6
1134,78.98
1135,92.61
1136,89.32
1137,99.19
1138,95.64
1139,102.24
1140,86.95
1141,93.86
1142,81.96
1143,92.52
1144,74.94
1145,83.49
1146,77.99
1147,86.54
1148,78.58
1149,78.1
1150,67.46
1151,88.92
1152,89.33
1153,91.23
1154,69.77
1155,83.92
1156,81.68
1157,94.64
1158,68.67
1159,74.92
1160,69.79
1161,69.85
1162,48.45
1163,44.82
1164,34.99
1165,44.23
1166,25.43
1167,18.79
1168,14.93
1169,36.56
1170,38.1
1171,22.8
1172,1.14
1173,21.79
1174,24.49
1175,30.35
1176,14.68
1177,24.92
1178,23.74
1179,24.0
1180,29.62
1181,12.46
1182,-2.88
1183,11.45
1184,-3.9
1185,-5.59
1186,-25.17
1187,-28.8
1188,-35.3
1189,-20.16
1190,-34.32
1191,-28.01
1192,-40.14
1193,-29.09
1194,-22.96
1195,-4.73
1196,-24.49
1197,-29.95
1198,-40.91
1199,-29.39
1200,-32.33
1201,-47.01
1202,-55.0
1203,-34.46
1204,-27.21
1205,-22.92
1206,-46.99
1207,-43.13
1208,-24.49
1209,-16.8
1210,-9.79
1211,-28.17
1212,-32.47
1213,-16.98
1214,-15.65
1215,-18.85
1216,-27.98
1217,-0.82
1218,1.03
1219,-2.32
1220,-13.22
1221,-2.46
1222,4.77
1223,19.29
1224,1.52
1225,6.7
1226,8.34
1227,5.86
1228,-3.61
1229,-12.12
1230,-17.73
1231,-7.03
1232,-23.85
1233,-15.67
1234,-37.34
1235,-25.27
1236,-36.94
1237,-16.18
1238,-38.0
1239,-27.71
1240,-36.14
1241,-45.78
1242,-61.24
1243,-63.48
1244,-70.38
1245,-74.46
1246,-81.83
1247,-67.52
1248,-94.91
1249,-79.67
1250,-91.81
1251,-74.67
1252,-109.33
1253,-101.06
1254,-106.1
1255,-117.63
1256,-137.96
1257,-145.59
1258,-149.88
1259,-148.32
1260,-170.56
1261,-172.55
1262,-189.16
1263,-162.55
1264,-177.47
1265,-180.94
1266,-185.92
1267,-189.63
1268,-189.19
1269,-203.19
1270,-207.51
1271,-217.28
1272,-214.79
1273,-200.84
1274,-209.65
1275,-219.52
1276,-230.92
1277,-218.9
1278,-232.7
1279,-205.41
1280,-203.44
1281,-196.35
1282,-195.69
1283,-212.36
1284,-216.83
1285,-224.8
1286,-226.08
1287,-216.72
1288,-221.52
1289,-216.89
1290,-243.99
1291,-231.08
1292,-238.46
1293,-216.34
1294,-219.35
1295,-214.92
1296,-211.49
1297,-221.2
1298,-226.39
1299,-246.9
1300,-235.14
1301,-219.25
1302,-226.88
1303,-234.02
1304,-268.3
1305,-261.36
1306,-276.1
1307,-274.51
1308,-286.49
1309,-264.4
1310,-249.22
1311,-250.56
1312,-269.18
1313,-267.6
1314,-265.1
1315,-270.27
1316,-272.24
1317,-284.46
1318,-295.62
1319,-291.33
1320,-312.97
1321,-311.81
1322,-318.19
1323,-296.05
1324,-283.7
1325,-286.68
1326,-305.42
1327,-318.43
1328,-317.96
1329,-320.31
1330,-318.89
1331,-320.74
1332,-339.86
1333,-346.04
1334,-355.46
1335,-332.34
1336,-331.06
1337,-309.91
1338,-290.25
1339,-280.77
1340,-291.65
1341,-276.74
1342,-272.74
1343,-260.31
1344,-265.29
1345,-282.35
1346,-289.89
1347,-286.12
1348,-296.04
1349,-307.93
1350,-308.81
1351,-280.45
1352,-263.73
1353,-277.59
1354,-290.79
1355,-282.04
1356,-266.66
1357,-267.0
1358,-270.32
1359,-273.86
1360,-276.47
1361,-277.75
1362,-275.59
1363,-272.16
1364,-294.96
1365,-283.88
1366,-277.58
1367,-267.64
1368,-274.22
1369,-268.33
1370,-266.84
1371,-267.1
1372,-253.98
1373,-256.46
1374,-266.17
1375,-270.04
1376,-282.18
1377,-281.7
1378,-283.31
1379,-285.85
1380,-299.36
1381,-268.4
1382,-255.29
1383,-254.66
1384,-278.67
1385,-279.87
1386,-272.0
1387,-256.06
1388,-262.31
1389,-253.11
1390,-263.71
1391,-269.86
1392,-270.31
1393,-256.87
1394,-258.21
1395,-224.63
1396,-191.52
1397,-170.26
1398,-194.69
1399,-194.2
1400,-191.48
1401,-175.82
1402,-173.87
1403,-168.29
1404,-163.13
1405,-163.99
1406,-162.62
1407,-157.27
1408,-156.28
1409,-155.12
1410,-140.34
1411,-123.14
1412,-114.6
1413,-103.53
1414,-94.85
1415,-78.26
1416,-75.43
1417,-68.69
1418,-92.27
1419,-98.8
1420,-77.5
1421,-48.2
1422,-50.07
1423,-67.1
1424,-76.55
1425,-67.69
1426,-45.88
1427,-23.98
1428,-22.25
1429,-32.79
1430,-32.82
1431,-20.71
1432,6.5
1433,15.7
1434,4.73
1435,11.9
1436,25.67
1437,36.73
1438,40.93
1439,34.49
1440,39.53
1441,55.33
1442,68.37
1443,49.79
1444,58.9
1445,87.53
1446,115.73
1447,107.6
1448,101.34
1449,79.57
1450,87.66
1451,88.63
1452,97.61
1453,107.74
1454,112.58
1455,106.62
1456,96.79
1457,97.75
1458,112.73
1459,111.08
1460,124.4
1461,117.08
1462,129.54
1463,121.58
1464,151.72
1465,146.44
1466,153.05
1467,144.79
1468,135.78
1469,126.76
1470,118.93
1471,120.0
1472,104.99
1473,116.7
1474,126.77
1475,114.16
1476,95.2
1477,89.62
1478,98.87
1479,100.18
1480,86.9
1481,84.67
1482,83.33
1483,78.02
1484,71.75
1485,85.59
1486,64.09
1487,76.22
1488,88.56
1489,107.24
1490,87.95
1491,87.17
1492,86.63
1493,93.04
1494,100.62
1495,106.54
1496,100.81
1497,104.61
1498,105.26
1499,120.65
1500,105.15
1501,116.01
1502,145.68
1503,164.02
1504,140.61
1505,137.44
1506,135.7
1507,141.81
1508,130.32
1509,123.37
1510,123.62
1511,124.7
1512,121.99
1513,115.85
1514,110.63
1515,118.22
1516,140.06
1517,150.76
1518,135.32
1519,138.91
1520,144.41
1521,144.58
1522,126.73
1523,135.41
1524,128.42
1525,122.93
1526,126.82
1527,124.74
1528,120.12
1529,134.65
1530,148.66
1531,157.8
1532,143.55
1533,155.71
1534,142.92
1535,173.65
1536,159.01
1537,172.48
1538,162.51
1539,163.16
1540,173.19
1541,185.69
1542,179.42
1543,163.15
1544,165.12
1545,188.94
1546,183.69
1547,155.1
1548,153.24
1549,180.13
1550,197.94
1551,174.12
1552,180.25
1553,171.87
1554,183.55
1555,200.5
1556,188.91
1557,179.65
1558,188.67
1559,215.52
1560,224.07
1561,203.41
1562,186.08
1563,191.61
1564,205.08
1565,224.29
1566,226.91
1567,224.15
1568,231.04
1569,236.55
1570,252.93
1571,241.14
1572,238.57
1573,266.17
1574,272.64
1575,261.4
1576,253.28
1577,259.64
1578,256.56
1579,255.59
1580,250.38
1581,256.29
1582,260.25
1583,254.12
1584,255.68
1585,244.72
1586,246.4
1587,270.85
1588,260.73
1589,269.96
1590,261.86
1591,264.79
1592,255.66
1593,260.03
1594,237.04
1595,237.42
1596,249.16
1597,252.3
1598,254.72
1599,242.69
1600,230.3
1601,235.04
1602,230.13
1603,219.99
1604,211.53
1605,232.57
1606,246.15
1607,255.13
1608,233.77
1609,227.5
1610,229.76
1611,223.06
1612,232.43
1613,244.06
1614,229.54
1615,228.51
1616,235.06
1617,264.99
1618,263.19
1619,262.94
1620,274.06
1621,290.74
1622,277.43
1623,289.0
1624,284.96
1625,289.49
1626,298.89
1627,308.65
1628,312.62
1629,318.05
1630,319.32
1631,330.74
1632,312.49
1633,324.52
1634,328.83
1635,348.3
1636,347.11
1637,347.6
1638,345.24
1639,348.17
1640,333.81
1641,330.52
1642,333.16
1643,354.92
1644,356.33
1645,350.07
1646,336.04
1647,353.91
1648,346.86
1649,335.69
1650,318.12
1651,315.03
1652,332.82
1653,354.82
1654,358.7
1655,332.95
1656,337.87
1657,363.23
1658,367.32
1659,358.07
1660,350.24
1661,351.34
1662,349.6
1663,364.34
1664,367.44
1665,362.19
1666,381.16
1667,411.36
1668,433.56
1669,404.55
1670,409.07
1671,415.35
1672,412.27
1673,419.69
1674,407.42
1675,400.37
1676,390.88
1677,397.01
1678,404.45
1679,405.85
1680,392.13
1681,399.16
1682,407.69
1683,425.19
1684,436.26
1685,441.19
1686,430.95
1687,431.06
1688,436.15
1689,445.43
1690,430.96
1691,423.91
1692,426.0
1693,420.81
1694,421.19
1695,414.93
1696,410.24
1697,440.06
1698,445.16
1699,438.02
1700,418.74
1701,417.56
1702,412.95
1703,413.22
1704,400.82
1705,399.96
1706,396.05
1707,388.72
1708,400.89
1709,381.84
1710,373.97
1711,400.13
1712,409.59
1713,416.15
1714,414.24
1715,414.58
1716,404.35
1717,438.49
1718,445.1
1719,459.33
1720,466.53
1721,466.58
1722,466.42
1723,479.01
1724,476.31
1725,478.84
1726,491.26
1727,520.71
1728,518.68
1729,497.27
1730,484.27
1731,502.11
1732,510.73
1733,515.59
1734,499.78
1735,492.39
1736,507.97
1737,533.46
1738,536.02
1739,535.36
1740,543.29
1741,567.18
1742,569.13
1743,562.44
1744,536.75
1745,547.46
1746,569.66
1747,577.03
1748,571.65
1749,564.97
1750,582.48
1751,589.54
1752,580.51
1753,565.9
1754,563.63
1755,564.46
1756,573.7
1757,581.3
1758,573.42
1759,568.33
1760,580.8
1761,588.28
1762,574.04
1763,587.01
1764,602.71
1765,599.67
1766,597.67
1767,593.81
1768,570.27
1769,556.07
1770,557.27
1771,556.2
1772,560.05
1773,553.95
1774,549.71
1775,557.82
1776,565.29
1777,571.12
1778,569.7
1779,564.33
1780,557.07
1781,556.28
1782,554.44
1783,545.18
1784,520.98
1785,522.38
1786,528.98
1787,533.73
1788,517.84
1789,524.19
1790,513.61
1791,542.22
1792,552.6
1793,559.49
1794,542.85
1795,538.57
1796,548.0
1797,561.18
1798,550.38
1799,534.33
1800,519.97
1801,541.27
1802,548.8
1803,551.49
1804,538.74
1805,554.85
1806,567.92
1807,554.79
1808,541.08
1809,554.15
1810,577.58
1811,576.78
1812,582.02
1813,563.32
1814,547.85
1815,550.68
1816,549.26
1817,570.03
1818,568.84
1819,564.48
1820,566.15
1821,563.61
1822,556.28
1823,560.28
1824,564.78
1825,582.64
1826,617.86
1827,608.28
1828,623.98
1829,605.29
1830,619.05
1831,634.77
1832,625.63
1833,580.45
1834,570.66
1835,583.53
1836,580.28
1837,570.05
1838,568.43
1839,559.21
1840,562.41
1841,558.64
1842,558.8
1843,555.26
1844,570.68
1845,580.46
1846,590.61
1847,586.62
1848,584.15
1849,593.92
1850,588.0
1851,584.29
1852,580.16
1853,570.87
1854,559.16
1855,553.4
1856,562.94
1857,541.91
1858,558.18
1859,562.29
1860,578.34
1861,538.29
1862,533.67
1863,530.48
1864,527.32
1865,521.42
1866,510.58
1867,502.84
1868,511.75
1869,516.8
1870,501.73
1871,488.34
1872,500.23
1873,506.47
1874,524.23
1875,528.59
1876,532.57
1877,533.38
1878,537.47
1879,524.09
1880,527.31
1881,525.37
1882,517.25
1883,517.93
1884,523.7
1885,517.61
1886,514.17
1887,507.17
1888,518.55
1889,503.75
1890,523.16
1891,533.11
1892,539.23
1893,525.83
1894,517.71
1895,504.05
1896,493.0
1897,487.3
1898,485.32
1899,490.64
1900,492.04
1901,480.11
1902,481.98
1903,452.81
1904,473.41
1905,481.66
1906,491.35
1907,472.68
1908,468.3
1909,469.26
1910,479.26
1911,485.16
1912,478.69
1913,467.51
1914,477.8
1915,482.04
1916,492.63
1917,461.75
1918,479.57
1919,492.97
1920,514.85
1921,498.41
1922,499.25
1923,488.85
1924,476.28
1925,459.12
1926,459.4
1927,460.57
1928,464.22
1929,461.31
1930,460.95
1931,438.16
1932,472.89
1933,465.74
1934,481.99
1935,453.11
1936,463.5
1937,462.57
1938,462.07
1939,442.43
1940,437.95
1941,432.11
1942,442.08
1943,448.25
1944,427.98
1945,419.28
1946,443.52
1947,434.48
1948,435.23
1949,412.42
1950,416.8
1951,407.69
1952,428.8
1953,432.42
1954,413.21
1955,412.93
1956,412.9
1957,419.95
1958,387.19
1959,397.27
1960,328.4
1961,311.23
1962,312.86
1963,302.26
1964,293.69
1965,316.35
1966,320.85
1967,329.15
1968,326.04
1969,336.65
1970,348.22
1971,337.45
1972,340.47
1973,310.52
1974,306.79
1975,307.02
1976,314.82
1977,306.27
1978,304.86
1979,299.37
1980,302.93
1981,284.4
1982,280.8
1983,284.26
1984,305.54
1985,298.28
1986,313.82
1987,297.88
1988,291.74
1989,281.88
1990,300.01
1991,294.77
1992,292.32
1993,285.45
1994,289.66
1995,294.41
1996,296.6
1997,299.14
1998,302.01
1999,301.21
2000,321.68
2001,309.72
2002,308.03
2003,296.69
2004,303.0
2005,291.1
2006,311.82
2007,297.33
2008,290.95
2009,285.38
2010,287.53
2011,272.7
2012,269.72
2013,272.14
2014,279.24
2015,268.06
2016,275.85
2017,260.01
2018,278.7
2019,265.13
2020,259.84
2021,248.72
2022,263.92
2023,261.98
2024,260.38
2025,242.09
2026,246.62
2027,244.21
2028,240.45
2029,233.21
2030,244.24
2031,238.33
2032,245.72
2033,223.95
2034,233.16
2035,223.89
2036,231.64
2037,219.71
2038,228.75
2039,219.47
2040,217.98
2041,212.79
2042,217.07
2043,201.7
2044,203.95
2045,207.12
2046,212.2
2047,182.5
2048,196.06
2049,194.44
2050,224.75
2051,197.17
2052,198.81
2053,205.61
2054,227.03
2055,210.14
2056,194.52
2057,176.64
2058,187.27
2059,191.42
2060,200.96
2061,169.59
2062,179.53
2063,183.88
2064,186.05
2065,176.71
2066,189.92
2067,197.02
2068,207.62
2069,201.12
2070,205.75
2071,192.96
2072,193.57
2073,180.86
2074,184.16
2075,154.67
2076,170.95
2077,179.62
2078,182.87
2079,161.67
2080,174.28
2081,165.48
2082,154.54
2083,157.0
2084,152.99
2085,154.45
2086,166.44
2087,166.44
2088,152.45
2089,136.49
2090,157.15
2091,154.27
2092,150.8
2093,136.48
2094,133.25
2095,117.11
2096,127.5
2097,135.62
2098,139.97
2099,125.17
2100,126.33
2101,118.45
2102,141.98
2103,128.27
2104,146.75
2105,141.43
2106,152.21
2107,145.74
2108,154.17
2109,143.48
2110,138.25
2111,134.7
2112,145.71
2113,139.86
2114,119.18
2115,108.57
2116,121.75
2117,108.48
2118,97.71
2119,95.29
2120,109.02
2121,84.68
2122,101.8
2123,104.23
2124,120.03
2125,102.37
2126,103.83
2127,84.79
2128,84.32
2129,88.96
2130,90.04
2131,96.18
2132,98.77
2133,103.4
2134,83.09
2135,81.55
2136,95.59
2137,94.58
2138,73.75
2139,70.71
2140,58.2
2141,41.15
2142,50.28
2143,60.11
2144,77.69
2145,67.35
2146,71.86
2147,59.62
2148,78.09
2149,81.07
2150,96.7
2151,84.11
2152,78.09
2153,62.65
2154,52.16
2155,47.31
2156,34.87
2157,32.67
2158,45.25
2159,32.41
2160,25.6
2161,-4.24
2162,9.95
2163,-14.73
2164,-1.83
2165,-3.24
2166,3.95
2167,-10.4
2168,-25.33
2169,-28.5
2170,-25.97
2171,-38.47
2172,-34.25
2173,-44.46
2174,-35.56
2175,-50.4
2176,-35.2
2177,-53.37
2178,-25.31
2179,-23.36
2180,-9.56
2181,-13.43
2182,-20.12
2183,-32.4
2184,-42.95
2185,-49.44
2186,-52.44
2187,-51.14
2188,-32.97
2189,-64.21
2190,-77.22
2191,-90.81
2192,-57.59
2193,-67.83
2194,-80.49
2195,-63.69
2196,-66.33
2197,-65.36
2198,-69.6
2199,-60.88
2200,-65.47
2201,-76.2
2202,-62.17
2203,-51.33
2204,-34.98
2205,-58.82
2206,-73.86
2207,-86.54
2208,-72.0
2209,-70.19
2210,-58.05
2211,-61.46
2212,-64.4
2213,-58.35
2214,-43.32
2215,-52.82
2216,-56.24
2217,-31.32
2218,-6.19
2219,1.57
2220,3.39
2221,-12.71
2222,-22.76
2223,-30.38
2224,-26.12
2225,-6.18
2226,4.49
2227,7.42
2228,-0.22
2229,-8.16
2230,-7.53
2231,4.37
2232,23.0
2233,37.77
2234,42.77
2235,40.79
2236,34.86
2237,22.82
2238,36.0
2239,54.03
2240,79.06
2241,67.31
2242,55.87
2243,44.93
2244,54.59
2245,48.41
2246,58.68
2247,70.98
2248,97.27
2249,105.69
2250,103.02
2251,59.53
2252,53.85
2253,76.34
2254,106.25
2255,105.66
2256,104.43
2257,91.47
2258,85.62
2259,74.95
2260,69.04
2261,79.55
2262,111.52
2263,100.3
2264,93.62
2265,66.28
2266,67.39
2267,66.94
2268,67.31
2269,72.81
2270,91.33
2271,95.53
2272,100.07
2273,86.33
2274,95.09
2275,99.36
2276,120.75
2277,106.33
2278,115.76
2279,102.17
2280,96.66
2281,89.43
2282,90.13
2283,87.03
2284,82.61
2285,84.5
2286,95.73
2287,72.18
2288,68.45
2289,71.06
2290,80.89
2291,60.81
2292,54.54
2293,48.04
2294,40.25
2295,24.29
2296,23.29
2297,23.7
2298,24.08
2299,28.23
2300,26.08
2301,23.93
2302,34.46
2303,52.54
2304,54.82
2305,48.63
2306,41.51
2307,25.51
2308,26.56
2309,12.94
2310,18.79
2311,-2.44
2312,5.25
2313,17.18
2314,22.83
2315,1.24
2316,17.27
2317,5.25
2318,1.4
2319,12.34
2320,10.22
2321,-4.13
2322,4.46
2323,13.92
2324,36.68
2325,29.84
2326,41.12
2327,41.25
2328,60.01
2329,48.32
2330,67.4
2331,59.17
2332,64.46
2333,66.2
2334,66.26
2335,48.69
2336,48.29
2337,46.77
2338,50.17
2339,59.83
2340,45.8
2341,37.64
2342,47.97
2343,48.87
2344,55.94
2345,46.3
2346,41.78
2347,35.18
2348,54.16
2349,64.94
2350,48.21
2351,35.42
2352,47.22
2353,68.64
2354,73.18
2355,70.93
2356,73.44
2357,79.7
2358,88.62
2359,85.03
2360,74.49
2361,58.85
2362,72.77
2363,105.25
2364,97.59
2365,74.14
2366,76.97
2367,78.6
2368,95.25
2369,93.74
2370,106.69
2371,97.22
2372,106.46
2373,131.62
2374,131.23
2375,124.09
2376,124.05
2377,139.79
2378,144.43
2379,156.32
2380,152.31
2381,145.75
2382,149.76
2383,150.96
2384,152.79
2385,151.63
2386,158.6
2387,168.11
2388,158.96
2389,174.25
2390,174.03
2391,188.03
2392,183.92
2393,197.81
2394,196.15
2395,194.46
2396,190.27
2397,190.52
2398,185.79
2399,188.85
2400,190.73
2401,182.64
2402,166.87
2403,185.99
2404,180.94
2405,192.19
2406,184.15
2407,180.54
2408,175.95
2409,179.13
2410,165.76
2411,173.52
2412,174.49
2413,162.71
2414,164.89
2415,163.57
2416,146.06
2417,151.21
2418,149.88
2419,157.55
2420,145.89
2421,148.51
2422,144.25
2423,175.22
2424,179.18
2425,185.85
2426,182.2
2427,168.11
2428,177.29
2429,188.01
2430,183.65
2431,172.44
2432,163.97
2433,170.31
2434,173.73
2435,172.55
2436,149.77
2437,180.47
2438,174.98
2439,184.29
2440,149.98
2441,148.07
2442,147.68
2443,131.74
2444,106.36
2445,109.21
2446,112.42
2447,107.7
2448,110.2
2449,107.98
2450,80.86
2451,113.19
2452,119.58
2453,118.25
2454,90.06
2455,91.73
2456,92.6
2457,111.96
2458,91.78
2459,74.21
2460,81.64
2461,95.76
2462,96.65
2463,83.6
2464,79.63
2465,106.26
2466,114.78
2467,108.88
2468,107.82
2469,102.7
2470,90.6
2471,92.39
2472,102.81
2473,118.06
2474,106.59
2475,100.87
2476,106.75
2477,128.51
2478,127.66
2479,142.0
2480,135.18
2481,132.84
2482,146.36
2483,151.19
2484,154.64
2485,146.34
2486,147.68
2487,152.41
2488,161.39
2489,145.57
2490,143.71
2491,137.74
2492,128.84
2493,145.72
2494,139.11
2495,149.78
2496,147.01
2497,144.59
2498,143.08
2499,143.63
2500,132.45
2501,124.25
2502,136.86
2503,139.25
2504,147.93
2505,134.63
2506,121.62
2507,127.86
2508,132.09
2509,125.36
2510,111.66
2511,107.74
2512,111.68
2513,113.97
2514,111.09
2515,97.42
2516,99.99
2517,117.62
2518,114.77
2519,110.72
2520,107.76
2521,103.6
2522,93.64
2523,99.0
2524,97.42
2525,105.46
2526,99.66
2527,101.07
2528,103.47
2529,114.99
2530,118.61
2531,150.27
2532,138.46
2533,142.23
2534,119.68
2535,118.25
2536,119.74
2537,121.41
2538,102.02
2539,107.79
2540,107.24
2541,105.78
2542,98.09
2543,104.57
2544,106.92
2545,116.34
2546,101.54
2547,94.78
2548,86.23
2549,99.45
2550,97.34
2551,98.04
2552,89.48
2553,87.93
2554,88.65
2555,94.47
2556,93.43
2557,92.36
2558,102.01
2559,127.75
2560,128.88
2561,129.02
2562,111.88
2563,99.69
2564,94.72
2565,116.05
2566,122.48
2567,114.66
2568,117.74
2569,118.55
2570,123.26
2571,114.89
2572,119.96
2573,126.6
2574,135.24
2575,134.91
2576,148.96
2577,147.88
2578,132.25
2579,145.27
2580,154.77
2581,156.45
2582,152.86
2583,139.26
2584,138.41
2585,139.89
2586,148.73
2587,161.72
2588,167.7
2589,183.45
2590,184.71
2591,192.99
2592,180.68
2593,190.41
2594,188.36
2595,193.55
2596,203.76
2597,184.54
2598,172.45
2599,151.56
2600,161.9
2601,163.66
2602,181.78
2603,183.67
2604,166.22
2605,160.25
2606,164.58
2607,168.9
2608,158.79
2609,159.95
2610,165.64
2611,177.76
2612,196.92
2613,171.4
2614,154.95
2615,158.57
2616,182.5
2617,200.66
2618,183.87
2619,163.27
2620,166.72
2621,184.43
2622,195.25
2623,187.21
2624,198.65
2625,192.15
2626,207.56
2627,214.6
2628,220.69
2629,210.84
2630,231.53
2631,241.65
2632,253.12
2633,245.62
2634,237.7
2635,244.6
2636,256.19
2637,238.25
2638,231.31
2639,230.52
2640,250.46
2641,244.89
2642,231.78
2643,227.0
2644,234.38
2645,223.97
2646,207.27
2647,210.51
2648,222.5
2649,222.28
2650,228.04
2651,218.38
2652,226.77
2653,227.95
2654,234.46
2655,224.29
2656,238.14
2657,237.82
2658,227.36
2659,221.45
2660,226.13
2661,224.09
2662,206.7
2663,197.68
2664,212.71
2665,211.21
2666,215.66
2667,217.26
2668,218.72
2669,216.9
2670,247.08
2671,274.03
2672,268.38
2673,259.1
2674,264.09
2675,265.78
2676,280.28
2677,285.25
2678,274.64
2679,265.53
2680,270.47
2681,286.56
2682,289.79
2683,286.26
2684,306.82
2685,309.61
2686,310.95
2687,294.34
2688,285.42
2689,282.83
2690,294.82
2691,308.54
2692,289.65
2693,283.13
2694,272.57
2695,280.07
2696,266.88
2697,291.16
2698,325.82
2699,349.9
2700,318.22
2701,306.5
2702,290.36
2703,296.66
2704,289.57
2705,295.12
2706,298.05
2707,310.86
2708,304.58
2709,305.74
2710,300.03
2711,297.56
2712,320.46
2713,328.43
2714,335.85
2715,329.97
2716,313.68
2717,297.77
2718,299.77
2719,292.24
2720,283.22
2721,310.48
2722,329.95
2723,336.89
2724,317.47
2725,306.29
2726,320.14
2727,317.07
2728,326.75
2729,327.91
2730,337.08
2731,326.31
2732,328.78
2733,327.5
2734,328.1
2735,345.23
2736,354.01
2737,350.66
2738,337.05
2739,327.47
2740,322.29
2741,316.29
2742,305.63
2743,300.29
2744,314.0
2745,314.19
2746,324.95
2747,303.91
2748,315.71
2749,319.72
2750,320.85
2751,298.94
2752,309.87
2753,311.0
2754,308.62
2755,297.17
2756,305.53
2757,290.39
2758,296.1
2759,292.71
2760,283.33
2761,282.54
2762,300.9
2763,313.84
2764,303.51
2765,287.07
2766,288.84
2767,284.41
2768,286.32
2769,275.3
2770,269.49
2771,262.11
2772,265.08
2773,245.6
2774,245.0
2775,243.71
2776,256.0
2777,265.9
2778,250.11
2779,241.38
2780,237.12
2781,240.75
2782,240.35
2783,239.69
2784,228.9
2785,225.89
2786,239.2
2787,244.34
2788,232.56
2789,232.73
2790,244.12
2791,264.91
2792,249.93
2793,246.55
2794,240.62
2795,244.42
2796,221.32
2797,231.57
2798,230.29
2799,231.89
2800,222.28
2801,217.2
2802,210.58
2803,218.46
2804,217.95
2805,220.17
2806,215.12
2807,232.25
2808,227.54
2809,254.12
2810,220.66
2811,233.38
2812,238.34
2813,251.92
2814,249.47
2815,234.1
2816,214.17
2817,218.87
2818,222.65
2819,229.34
2820,217.81
2821,254.21
2822,251.72
2823,250.78
2824,234.95
2825,238.43
2826,234.04
2827,231.29
2828,217.45
2829,222.17
2830,234.85
2831,228.01
2832,228.7
2833,211.54
2834,222.82
2835,246.42
2836,248.45
2837,241.55
2838,233.82
2839,230.82
2840,219.92
2841,236.92
2842,225.09
2843,233.41
2844,237.87
2845,238.95
2846,236.44
2847,242.73
2848,254.9
2849,261.61
2850,256.31
2851,247.9
2852,240.27
2853,233.54
2854,213.0
2855,215.3
2856,191.85
2857,205.17
2858,213.55
2859,218.46
2860,184.75
2861,198.78
2862,204.37
2863,219.78
2864,196.82
2865,190.78
2866,181.92
2867,175.41
2868,181.28
2869,169.41
2870,156.01
2871,171.77
2872,189.32
2873,193.59
2874,167.01
2875,178.55
2876,186.32
2877,197.78
2878,175.55
2879,183.26
2880,170.12
2881,155.33
2882,148.66
2883,143.08
2884,155.02
2885,171.72
2886,191.99
2887,202.57
2888,190.37
2889,197.6
2890,213.43
2891,220.08
2892,207.39
2893,198.68
2894,187.98
2895,194.74
2896,181.64
2897,148.15
2898,144.28
2899,155.3
2900,162.62
2901,132.77
2902,150.11
2903,157.24
2904,153.05
2905,138.59
2906,123.76
2907,115.86
2908,116.23
2909,113.29
2910,110.68
2911,115.64
2912,127.33
2913,137.44
2914,132.29
2915,122.36
2916,132.52
2917,135.81
2918,137.96
2919,133.95
2920,124.35
2921,119.43
2922,125.54
2923,114.38
2924,100.14
2925,111.25
2926,119.04
2927,122.12
2928,101.39
2929,92.71
2930,83.2
2931,83.25
2932,80.23
2933,81.53
2934,94.68
2935,86.44
2936,99.95
2937,91.94
2938,106.91
2939,87.21
2940,2.0
2941,5.11
2942,5.4
2943,28.68
2944,21.65
2945,31.61
2946,44.71
2947,55.6
2948,35.19
2949,36.56
2950,33.64
2951,35.14
2952,30.57
2953,34.03
2954,24.01
2955,33.59
2956,19.24
2957,32.15
2958,12.33
2959,24.05
2960,30.41
2961,26.56
2962,6.4
2963,9.34
2964,5.01
2965,-0.78
2966,6.54
2967,7.38
2968,8.91
2969,18.68
2970,13.75
2971,-15.16
2972,-30.79
2973,-19.92
2974,-11.43
2975,-12.08
2976,-26.88
2977,-35.16
2978,-38.7
2979,-22.98
2980,-6.76
2981,7.86
2982,0.61
2983,-21.47
2984,-26.64
2985,-18.06
2986,-20.42
2987,-36.12
2988,-46.05
2989,-28.44
2990,-19.49
2991,-10.15
2992,-20.93
2993,-14.19
2994,4.03
2995,13.22
2996,0.0
2997,9.06
2998,2.1
2999,4.82
3000,-2.48
3001,3.9
3002,-15.09
3003,-18.74
3004,-22.54
3005,-19.76
3006,-24.78
3007,-26.72
3008,-27.91
3009,-40.32
3010,-25.27
3011,3.26
3012,-6.11
3013,-29.63
3014,-35.16
3015,-36.59
3016,-30.92
3017,-35.24
3018,-55.91
3019,-53.3
3020,-49.28
3021,-32.82
3022,-37.12
3023,-35.62
3024,-44.22
3025,-38.62
3026,-29.25
3027,-28.89
3028,-36.67
3029,-49.93
3030,-55.29
3031,-61.01
3032,-54.91
3033,-61.28
3034,-69.51
3035,-47.75
3036,-35.54
3037,-42.66
3038,-59.08
3039,-56.33
3040,-64.21
3041,-54.09
3042,-66.15
3043,-79.21
3044,-88.79
3045,-89.7
3046,-87.94
3047,-96.58
3048,-104.88
3049,-94.69
3050,-87.9
3051,-82.02
3052,-89.45
3053,-87.2
3054,-95.15
3055,-80.54
3056,-68.37
3057,-66.64
3058,-109.09
3059,-103.99
3060,-102.16
3061,-88.64
3062,-98.49
3063,-78.06
3064,-59.78
3065,-45.76
3066,-61.2
3067,-74.72
3068,-80.26
3069,-60.8
3070,-61.36
3071,-46.21
3072,-58.09
3073,-60.38
3074,-64.09
3075,-74.99
3076,-91.44
3077,-78.76
3078,-78.53
3079,-66.91
3080,-66.61
3081,-74.77
3082,-85.75
3083,-75.7
3084,-64.56
3085,-67.57
3086,-59.2
3087,-54.6
3088,-52.16
3089,-57.53
3090,-75.54
3091,-76.7
3092,-83.59
3093,-67.98
3094,-67.35
3095,-70.12
3096,-54.33
3097,-56.92
3098,-47.37
3099,-58.25
3100,-26.39
3101,-26.26
3102,-15.62
3103,-27.35
3104,-23.22
3105,-27.99
3106,-38.93
3107,-50.41
3108,-69.05
3109,-71.38
3110,-63.72
3111,-61.92
3112,-76.33
3113,-88.41
3114,-70.87
3115,-83.82
3116,-73.15
3117,-75.4
3118,-58.1
3119,-71.89
3120,-51.35
3121,-40.72
3122,-52.81
3123,-68.37
3124,-59.07
3125,-67.96
3126,-62.02
3127,-76.03
3128,-66.91
3129,-83.06
3130,-83.04
3131,-81.71
3132,-84.34
3133,-101.2
3134,-98.35
3135,-100.48
3136,-100.52
3137,-104.67
3138,-82.96
3139,-101.73
3140,-86.73
3141,-96.64
3142,-76.88
3143,-95.59
3144,-93.67
3145,-102.85
3146,-111.46
3147,-111.09
3148,-123.12
3149,-106.2
3150,-97.65
3151,-102.83
3152,-122.85
3153,-131.14
3154,-125.22
3155,-131.01
3156,-141.51
3157,-161.15
3158,-160.23
3159,-184.78
3160,-187.77
3161,-189.06
3162,-189.9
3163,-196.6
3164,-196.96
3165,-203.8
3166,-193.52
3167,-180.39
3168,-155.71
3169,-149.12
3170,-155.76
3171,-171.26
3172,-177.23
3173,-175.99
3174,-170.59
3175,-159.04
3176,-153.61
3177,-178.51
3178,-176.48
3179,-176.58
3180,-176.14
3181,-178.36
3182,-156.17
3183,-146.57
3184,-159.0
3185,-156.43
3186,-148.41
3187,-146.28
3188,-158.21
3189,-170.21
3190,-175.94
3191,-159.54
3192,-149.06
3193,-151.38
3194,-160.55
3195,-149.38
3196,-134.98
3197,-125.56
3198,-142.57
3199,-142.58
3200,-140.2
3201,-118.88
3202,-111.85
3203,-124.67
3204,-142.99
3205,-138.49
3206,-120.32
3207,-108.32
3208,-109.84
3209,-108.4
3210,-100.3
3211,-83.85
3212,-85.2
3213,-73.38
3214,-82.43
3215,-75.77
3216,-62.11
3217,-65.31
3218,-68.76
3219,-76.58
3220,-75.27
3221,-70.29
3222,-65.68
3223,-93.6
3224,-92.37
3225,-74.31
3226,-60.87
3227,-90.42
3228,-96.61
3229,-99.73
3230,-94.71
3231,-98.01
3232,-109.33
3233,-132.95
3234,-130.68
3235,-118.68
3236,-100.1
3237,-116.55
3238,-107.13
3239,-95.36
3240,-98.56
3241,-105.9
3242,-97.78
3243,-106.29
3244,-113.62
3245,-126.31
3246,-120.91
3247,-116.09
3248,-123.81
3249,-117.19
3250,-116.93
3251,-112.67
3252,-114.67
3253,-89.69
3254,-93.7
3255,-81.85
3256,-70.42
3257,-75.19
3258,-71.96
3259,-81.37
3260,-88.82
3261,-100.46
3262,-82.78
3263,-61.38
3264,-73.49
3265,-87.98
3266,-86.32
3267,-87.78
3268,-89.32
3269,-83.7
3270,-78.96
3271,-74.3
3272,-60.14
3273,-40.81
3274,-35.82
3275,-39.41
3276,-37.48
3277,-42.63
3278,-23.47
3279,-22.37
3280,-22.8
3281,-36.08
3282,-28.65
3283,-24.71
3284,-17.59
3285,-39.26
3286,-23.16
3287,-11.89
3288,6.91
3289,-44.04
3290,-32.39
3291,-31.63
3292,-18.32
3293,-44.79
3294,-43.97
3295,-58.28
3296,-66.03
3297,-76.52
3298,-79.36
3299,-75.17
3300,-53.41
3301,-39.6
3302,-22.07
3303,-34.39
3304,-37.06
3305,-41.25
3306,-35.19
3307,-35.7
3308,-45.53
3309,-56.64
3310,-65.47
3311,-65.13
3312,-62.39
3313,-73.14
3314,-83.57
3315,-59.8
3316,-41.89
3317,-54.12
3318,-71.61
3319,-65.11
3320,-56.51
3321,-45.56
3322,-50.93
3323,-56.44
3324,-61.54
3325,-55.82
3326,-47.0
3327,-59.14
3328,-74.97
3329,-49.66
3330,-24.94
3331,-18.46
3332,-45.96
3333,-55.29
3334,-50.03
3335,-47.73
3336,-46.28
3337,-38.2
3338,-32.62
3339,-23.9
3340,0.18
3341,15.21
3342,12.27
3343,14.89
3344,11.14
3345,10.35
3346,21.41
3347,30.92
3348,19.91
3349,19.03
3350,26.14
3351,26.16
3352,4.72
3353,19.71
3354,41.7
3355,59.53
3356,38.11
3357,25.5
3358,12.47
3359,10.41
3360,0.53
3361,4.99
3362,-2.57
3363,10.12
3364,24.21
3365,34.33
3366,22.25
3367,27.82
3368,27.25
3369,41.07
3370,45.23
3371,49.26
3372,27.85
3373,22.0
3374,17.51
3375,18.65
3376,8.48
3377,8.13
3378,7.1
3379,6.14
3380,12.72
3381,11.99
3382,-8.39
3383,17.36
3384,36.49
3385,43.89
3386,23.0
3387,24.37
3388,25.51
3389,36.76
3390,19.94
3391,14.84
3392,16.09
3393,10.58
3394,17.98
3395,3.58
3396,12.3
3397,18.29
3398,5.23
3399,-11.98
3400,-3.85
3401,-0.65
3402,-19.76
3403,-13.14
3404,1.53
3405,15.15
3406,9.4
3407,18.69
3408,-12.81
3409,-7.95
3410,2.71
3411,13.45
3412,24.91
3413,24.5
3414,20.7
3415,5.44
3416,5.28
3417,24.29
3418,36.56
3419,42.23
3420,27.27
3421,21.54
3422,14.15
3423,27.21
3424,25.37
3425,44.65
3426,47.36
3427,63.89
3428,59.9
3429,71.9
3430,71.12
3431,82.31
3432,90.67
3433,101.95
3434,96.05
3435,92.21
3436,81.75
3437,76.38
3438,66.6
3439,73.95
3440,56.73
3441,75.47
3442,60.57
3443,73.21
3444,49.99
3445,60.81
3446,57.77
3447,49.04
3448,32.02
3449,36.4
3450,27.43
3451,21.78
3452,13.45
3453,15.58
3454,-12.17
3455,9.51
3456,-3.46
3457,0.65
3458,-25.44
3459,-30.55
3460,-43.6
3461,-35.24
3462,-52.05
3463,-60.84
3464,-56.02
3465,-45.17
3466,-47.58
3467,-59.97
3468,-80.61
3469,-59.11
3470,-64.43
3471,-54.96
3472,-92.9
3473,-95.93
3474,-90.48
3475,-71.33
3476,-79.76
3477,-86.01
3478,-89.4
3479,-78.51
3480,-75.03
3481,-77.31
3482,-92.45
3483,-88.18
3484,-95.79
3485,-81.47
3486,-102.61
3487,-94.07
3488,-95.47
3489,-75.99
3490,-74.91
3491,-77.82
3492,-84.58
3493,-73.05
3494,-78.19
3495,-79.14
3496,-75.47
3497,-66.12
3498,-85.69
3499,-78.57
3500,-83.16
3501,-45.01
3502,-51.97
3503,-47.16
3504,-47.55
3505,-44.92
3506,-60.09
3507,-58.1
3508,-73.8
3509,-79.29
3510,-65.88
3511,-46.83
3512,-57.48
3513,-90.46
3514,-81.92
3515,-58.34
3516,-49.69
3517,-66.19
3518,-78.79
3519,-71.84
3520,-54.59
3521,-47.81
3522,-37.98
3523,-31.65
3524,-7.03
3525,4.51
3526,-0.13
3527,-7.15
3528,-17.54
3529,-1.11
3530,14.87
3531,22.7
3532,24.42
3533,10.99
3534,13.14
3535,23.13
3536,16.55
3537,-4.6
3538,12.63
3539,12.75
3540,20.95
3541,-2.8
3542,-3.92
3543,-4.53
3544,-10.52
3545,-29.06
3546,-32.52
3547,-23.15
3548,-16.34
3549,1.46
3550,-30.01
3551,-32.85
3552,-11.82
3553,-16.01
3554,-5.83
3555,-5.89
3556,-6.37
3557,-20.39
3558,-15.61
3559,0.51
3560,-6.12
3561,-5.77
3562,-2.72
3563,9.48
3564,6.39
3565,8.89
3566,10.76
3567,10.85
3568,35.33
3569,50.74
3570,49.5
3571,42.49
3572,44.04
3573,47.31
3574,44.68
3575,41.15
3576,21.81
3577,33.2
3578,38.25
3579,63.84
3580,49.48
3581,29.65
3582,29.32
3583,42.55
3584,55.96
3585,42.87
3586,29.6
3587,32.17
3588,36.43
3589,47.93
3590,43.51
3591,55.18
3592,71.54
3593,93.96
3594,95.47
3595,101.05
3596,80.87
3597,93.34
3598,100.52
3599,111.31
3600,93.89
3601,99.23
3602,106.28
3603,111.29
3604,79.26
3605,91.25
3606,108.02
3607,117.6
3608,85.56
3609,68.71
3610,72.51
3611,86.23
3612,78.86
3613,65.75
3614,48.57
3615,66.61
3616,79.99
3617,86.6
3618,63.71
3619,66.52
3620,76.18
3621,75.74
3622,74.92
3623,70.45
3624,54.73
3625,61.19
3626,74.23
3627,87.78
3628,90.91
3629,102.5
3630,98.58
3631,90.99
3632,80.21
3633,84.23
3634,78.04
3635,80.84
3636,86.06
3637,97.24
3638,88.8
3639,86.01
3640,88.96
3641,97.47
3642,88.78
3643,80.0
3644,64.47
3645,80.61
3646,73.57
3647,67.8
3648,56.16
3649,72.53
3650,75.7
3651,76.99
3652,51.94
3653,59.11
3654,66.1
3655,72.98
3656,76.59
3657,66.87
3658,53.21
3659,54.4
3660,52.97
3661,55.77
3662,46.89
3663,60.5
3664,73.13
3665,73.4
3666,65.73
3667,68.5
3668,60.01
3669,70.45
3670,71.65
3671,76.93
3672,59.67
3673,58.01
3674,59.03
3675,74.23
3676,52.99
3677,58.06
3678,61.39
3679,63.6
3680,45.71
3681,48.3
3682,35.39
3683,38.11
3684,35.45
3685,40.78
3686,31.33
3687,38.94
3688,36.36
3689,28.9
3690,24.29
3691,49.61
3692,51.81
3693,51.89
3694,29.25
3695,13.55
3696,16.6
3697,23.27
3698,1.84
3699,2.19
3700,10.59
3701,21.93
3702,21.43
3703,9.89
3704,-13.77
3705,6.74
3706,19.45
3707,23.64
3708,11.93
3709,0.07
3710,-4.14
3711,-15.5
3712,-15.72
3713,-13.44
3714,-0.6
3715,4.08
3716,13.45
3717,19.53
3718,-2.16
3719,6.93
3720,-3.23
3721,-2.42
3722,0.71
3723,-4.39
3724,-24.79
3725,-31.25
3726,-27.37
3727,-40.79
3728,-42.18
3729,-36.38
3730,-36.52
3731,-50.81
3732,-47.01
3733,-32.82
3734,-35.33
3735,-49.07
3736,-53.46
3737,-67.04
3738,-66.2
3739,-77.66
3740,-81.65
3741,-87.49
3742,-70.29
3743,-66.86
3744,-67.09
3745,-91.73
3746,-87.14
3747,-75.04
3748,-65.54
3749,-68.73
3750,-65.88
3751,-78.81
3752,-80.52
3753,-87.24
3754,-86.31
3755,-104.65
3756,-88.68
3757,-78.3
3758,-80.07
3759,-95.66
3760,-86.65
3761,-74.44
3762,-80.94
3763,-88.66
3764,-96.4
3765,-96.83
3766,-85.77
3767,-92.23
3768,-98.55
3769,-116.22
3770,-101.56
3771,-107.32
3772,-105.32
3773,-117.89
3774,-126.89
3775,-134.17
3776,-124.84
3777,-108.46
3778,-118.64
3779,-132.59
3780,-118.49
3781,-115.38
3782,-109.37
3783,-116.5
3784,-111.5
3785,-117.85
3786,-106.18
3787,-99.16
3788,-101.97
3789,-127.05
3790,-126.21
3791,-121.67
3792,-107.02
3793,-102.45
3794,-81.69
3795,-104.8
3796,-97.35
3797,-92.65
3798,-65.79
3799,-76.0
3800,-73.08
3801,-69.29
3802,-62.73
3803,-70.38
3804,-65.69
3805,-64.07
3806,-54.8
3807,-56.43
3808,-61.42
3809,-65.6
3810,-45.62
3811,-42.04
3812,-31.89
3813,-51.52
3814,-42.78
3815,-35.85
3816,-20.8
3817,-38.26
3818,-24.66
3819,-31.8
3820,-38.65
3821,-37.25
3822,-40.54
3823,-33.1
3824,-19.38
3825,-21.35
3826,-30.2
3827,-49.66
3828,-29.06
3829,-30.62
3830,-39.99
3831,-54.31
3832,-60.36
3833,-73.61
3834,-64.38
3835,-62.67
3836,-71.99
3837,-57.73
3838,-33.88
3839,-37.49
3840,-54.3
3841,-55.97
3842,-53.28
3843,-44.85
3844,-38.22
3845,-51.62
3846,-62.45
3847,-58.12
3848,-38.91
3849,-18.65
3850,-20.77
3851,-29.86
3852,-37.43
3853,-23.8
3854,-13.74
3855,-1.56
3856,-4.93
3857,-13.45
3858,-9.6
3859,6.23
3860,16.12
3861,18.08
3862,13.08
3863,30.82
3864,43.51
3865,47.98
3866,35.38
3867,46.47
3868,70.89
3869,75.71
3870,63.74
3871,48.92
3872,62.09
3873,62.28
3874,65.06
3875,41.46
3876,51.59
3877,69.94
3878,80.29
3879,61.17
3880,51.22
3881,75.16
3882,102.59
3883,90.56
3884,71.02
3885,64.17
3886,78.03
3887,79.96
3888,81.2
3889,81.23
3890,77.75
3891,79.16
3892,98.9
3893,103.81
3894,106.61
3895,110.78
3896,128.24
3897,132.77
3898,137.72
3899,116.09
3900,117.97
3901,135.08
3902,157.49
3903,153.26
3904,148.55
3905,144.94
3906,155.1
3907,162.96
3908,168.69
3909,185.7
3910,220.8
3911,242.88
3912,230.66
3913,216.75
3914,213.3
3915,230.0
3916,263.25
3917,266.0
3918,258.77
3919,263.91
3920,290.28
3921,298.11
3922,286.62
3923,289.06
3924,277.59
3925,305.87
3926,314.21
3927,309.32
3928,313.97
3929,303.51
3930,305.53
3931,313.49
3932,320.79
3933,307.36
3934,307.9
3935,306.65
3936,279.03
3937,291.98
3938,295.71
3939,311.86
3940,312.19
3941,298.36
3942,311.96
3943,293.73
3944,288.12
3945,283.02
3946,283.91
3947,283.27
3948,287.34
3949,282.92
3950,270.06
3951,279.54
3952,275.43
3953,274.7
3954,267.78
3955,258.78
3956,274.25
3957,260.37
3958,271.3
3959,259.27
3960,267.03
3961,276.18
3962,277.92
3963,267.09
3964,259.51
3965,269.09
3966,261.71
3967,259.89
3968,258.94
3969,257.93
3970,253.98
3971,234.72
3972,243.72
3973,231.47
3974,254.45
3975,258.57
3976,266.58
3977,260.71
3978,236.38
3979,227.56
3980,216.78
3981,230.03
3982,237.47
3983,239.11
3984,236.85
3985,214.93
3986,228.61
3987,232.02
3988,248.47
3989,237.11
3990,248.03
3991,246.92
3992,248.05
3993,250.77
3994,226.65
3995,216.27
3996,226.93
3997,239.35
3998,239.27
3999,224.48
4000,233.83
4001,216.91
4002,233.25
4003,229.42
4004,244.42
4005,234.92
4006,227.08
4007,219.58
4008,228.62
4009,233.62
4010,222.43
4011,218.26
4012,248.37
4013,254.17
4014,267.38
4015,251.08
4016,254.35
4017,251.22
4018,254.7
4019,255.62
4020,249.63
4021,230.89
4022,234.08
4023,237.94
4024,244.13
4025,230.56
4026,256.1
4027,254.85
4028,267.05
4029,251.95
4030,271.12
4031,268.71
4032,269.82
4033,257.79
4034,257.06
4035,244.05
4036,236.23
4037,231.43
4038,225.42
4039,210.85
4040,221.89
4041,219.57
4042,231.95
4043,213.6
4044,213.84
4045,213.36
4046,233.01
4047,224.82
4048,222.91
4049,207.64
4050,207.94
4051,208.74
4052,206.58
4053,202.84
4054,212.8
4055,219.36
4056,234.53
4057,225.43
4058,221.32
4059,223.37
4060,231.58
4061,220.34
4062,224.74
4063,227.24
4064,224.65
4065,211.43
4066,211.68
4067,210.66
4068,218.95
4069,227.77
4070,223.54
4071,210.65
4072,224.38
4073,242.05
4074,249.75
4075,228.52
4076,233.59
4077,223.43
4078,249.1
4079,244.73
4080,249.53
4081,249.0
4082,255.23
4083,259.51
4084,258.3
4085,260.2
4086,273.63
4087,288.1
4088,306.82
4089,303.89
4090,286.85
4091,282.03
4092,287.4
4093,265.67
4094,275.9
4095,286.0
4096,296.7
4097,304.49
4098,297.79
4099,289.3
4100,283.79
4101,298.99
4102,309.58
4103,307.45
4104,307.34
4105,290.34
4106,288.61
4107,280.34
4108,303.4
4109,302.94
4110,308.91
4111,328.65
4112,320.45
4113,319.41
4114,315.02
4115,309.3
4116,309.34
4117,322.04
4118,348.02
4119,339.28
4120,330.57
4121,328.49
4122,328.2
4123,318.51
4124,319.7
4125,320.73
4126,327.68
4127,354.1
4128,379.31
4129,384.11
4130,373.86
4131,390.8
4132,408.06
4133,403.19
4134,399.75
4135,386.61
4136,382.36
4137,367.58
4138,366.12
4139,361.08
4140,373.47
4141,361.54
4142,359.89
4143,352.92
4144,359.77
4145,373.23
4146,373.37
4147,364.91
4148,368.49
4149,371.74
4150,390.27
4151,369.7
4152,367.04
4153,358.22
4154,371.49
4155,361.0
4156,357.09
4157,350.28
4158,346.79
4159,350.24
4160,351.89
4161,345.49
4162,349.49
4163,355.36
4164,371.01
4165,362.12
4166,364.06
4167,349.64
4168,350.49
4169,333.11
4170,350.25
4171,340.84
4172,331.75
4173,329.52
4174,331.45
4175,324.83
4176,335.17
4177,339.57
4178,346.03
4179,345.69
4180,352.93
4181,341.75
4182,357.31
4183,345.72
4184,344.25
4185,323.34
4186,323.77
4187,329.92
4188,335.11
4189,316.24
4190,326.8
4191,307.18
4192,317.5
4193,314.27
4194,320.92
4195,299.76
4196,306.07
4197,300.98
4198,304.78
4199,270.61
4200,275.44
4201,274.27
4202,262.08
4203,247.86
4204,243.83
4205,235.04
4206,244.77
4207,239.44
4208,237.37
4209,227.79
4210,252.73
4211,264.37
4212,259.59
4213,243.51
4214,245.06
4215,231.01
4216,227.62
4217,219.71
4218,203.76
4219,196.16
4220,207.59
4221,214.59
4222,201.23
4223,199.77
4224,220.15
4225,211.05
4226,219.9
4227,223.81
4228,223.54
4229,209.69
4230,196.35
4231,180.07
4232,188.64
4233,178.86
4234,162.14
4235,168.16
4236,173.42
4237,168.21
4238,152.18
4239,163.19
4240,167.84
4241,168.93
4242,155.72
4243,139.26
4244,151.03
4245,146.25
4246,152.34
4247,138.48
4248,151.5
4249,151.18
4250,144.02
4251,121.19
4252,123.39
4253,126.25
4254,111.74
4255,114.46
4256,117.78
4257,115.12
4258,121.9
4259,118.86
4260,106.7
4261,93.16
4262,115.18
4263,127.59
4264,117.38
4265,116.08
4266,115.06
4267,102.5
4268,111.81
4269,131.39
4270,140.64
4271,127.06
4272,131.18
4273,134.66
4274,165.98
4275,155.43
4276,169.31
4277,152.37
4278,143.79
4279,144.65
4280,142.35
4281,151.79
4282,154.35
4283,172.17
4284,171.73
4285,173.36
4286,159.61
4287,157.89
4288,152.24
4289,118.41
4290,120.01
4291,110.68
4292,120.03
4293,120.3
4294,118.78
4295,112.23
4296,103.99
4297,115.55
4298,112.04
4299,104.17
4300,99.9
4301,88.25
4302,85.82
4303,73.88
4304,82.84
4305,62.2
4306,85.08
4307,101.47
4308,92.32
4309,74.51
4310,76.51
4311,78.14
4312,83.5
4313,90.46
4314,83.09
4315,81.29
4316,86.94
4317,98.74
4318,99.3
4319,77.59
4320,88.48
4321,90.37
4322,115.03
4323,100.1
4324,98.01
4325,94.53
4326,104.13
4327,113.98
4328,124.28
4329,146.35
4330,158.19
4331,165.63
4332,160.87
4333,178.54
4334,201.44
4335,200.04
4336,188.5
4337,174.48
4338,177.14
4339,165.08
4340,158.81
4341,160.15
4342,170.33
4343,178.36
4344,181.57
4345,173.28
4346,166.75
4347,188.44
4348,213.34
4349,203.75
4350,206.3
4351,189.88
4352,193.71
4353,182.83
4354,185.12
4355,179.8
4356,187.04
4357,197.82
4358,197.79
4359,187.05
4360,189.68
4361,210.06
4362,231.26
4363,217.08
4364,207.62
4365,186.78
4366,193.97
4367,178.45
4368,189.02
4369,184.02
4370,183.12
4371,186.05
4372,178.46
4373,167.96
4374,183.25
4375,184.54
4376,190.48
4377,202.95
4378,207.33
4379,196.76
4380,213.27
4381,231.32
4382,243.6
4383,234.13
4384,230.64
4385,221.06
4386,227.01
4387,205.51
4388,189.59
4389,189.51
4390,210.39
4391,230.99
4392,232.72
4393,197.76
4394,204.12
4395,228.02
4396,233.0
4397,231.13
4398,243.15
4399,253.87
4400,240.68
4401,230.48
4402,239.4
4403,270.49
4404,281.46
4405,270.9
4406,248.09
4407,231.41
4408,250.21
4409,256.76
4410,256.89
4411,247.44
4412,260.31
4413,277.87
4414,285.51
4415,273.91
4416,267.07
4417,287.77
4418,308.94
4419,302.4
4420,287.13
4421,266.54
4422,276.85
4423,281.75
4424,288.13
4425,284.29
4426,296.94
4427,310.24
4428,316.21
4429,301.63
4430,316.7
4431,329.32
4432,352.5
4433,356.27
4434,354.5
4435,328.81
4436,334.19
4437,325.07
4438,337.02
4439,325.17
4440,347.29
4441,372.73
4442,388.6
4443,373.46
4444,360.74
4445,373.09
4446,398.13
4447,391.42
4448,383.9
4449,377.59
4450,386.87
4451,382.72
4452,385.99
4453,363.5
4454,372.99
4455,393.25
4456,400.66
4457,373.51
4458,390.61
4459,402.87
4460,423.09
4461,408.02
4462,418.95
4463,401.22
4464,391.35
4465,377.52
4466,386.81
4467,384.1
4468,393.38
4469,409.12
4470,411.47
4471,387.7
4472,409.19
4473,428.03
4474,466.12
4475,472.65
4476,470.66
4477,449.56
4478,432.86
4479,436.48
4480,434.47
4481,441.99
4482,444.87
4483,438.36
4484,430.31
4485,420.67
4486,419.8
4487,428.14
4488,428.73
4489,447.41
4490,441.87
4491,446.05
4492,438.42
4493,451.68
4494,446.7
4495,461.33
4496,449.43
4497,446.07
4498,443.05
4499,442.6
4500,440.24
4501,432.09
4502,429.63
4503,459.39
4504,446.02
4505,436.36
4506,424.89
4507,440.81
4508,424.7
4509,422.05
4510,410.67
4511,414.94
4512,417.92
4513,407.94
4514,405.6
4515,395.38
4516,406.77
4517,434.58
4518,433.61
4519,432.06
4520,420.98
4521,421.94
4522,417.89
4523,435.39
4524,411.93
4525,413.86
4526,417.08
4527,414.66
4528,419.78
4529,424.27
4530,434.13
4531,435.17
4532,432.83
4533,436.52
4534,430.32
4535,429.65
4536,413.77
4537,422.07
4538,406.56
4539,428.05
4540,419.14
4541,431.19
4542,419.49
4543,429.62
4544,423.26
4545,419.57
4546,414.0
4547,420.22
4548,412.99
4549,404.99
4550,383.76
4551,393.26
4552,380.65
4553,391.62
4554,374.93
4555,367.34
4556,368.75
4557,370.56
4558,360.11
4559,366.42
4560,358.67
4561,353.42
4562,352.56
4563,354.67
4564,330.38
4565,338.46
4566,331.74
4567,337.23
4568,321.68
4569,323.01
4570,318.58
4571,325.15
4572,327.83
4573,330.39
4574,303.43
4575,315.28
4576,324.31
4577,348.84
4578,340.63
4579,344.24
4580,340.56
4581,350.47
4582,333.94
4583,342.24
4584,331.33
4585,323.23
4586,315.37
4587,319.64
4588,324.86
4589,314.51
4590,315.73
4591,320.05
4592,310.52
4593,313.1
4594,310.82
4595,307.66
4596,289.21
4597,300.83
4598,293.64
4599,300.43
4600,287.56
4601,275.21
4602,271.09
4603,285.59
4604,292.84
4605,295.17
4606,291.68
4607,305.07
4608,306.56
4609,319.23
4610,286.94
4611,291.5
4612,293.94
4613,307.17
4614,297.15
4615,284.73
4616,278.0
4617,267.79
4618,267.44
4619,264.53
4620,268.81
4621,270.6
4622,267.37
4623,272.88
4624,278.04
4625,292.33
4626,287.6
4627,277.54
4628,280.0
4629,280.33
4630,290.26
4631,260.41
4632,247.06
4633,236.4
4634,250.76
4635,260.12
4636,255.57
4637,241.55
4638,248.27
4639,262.68
4640,273.48
4641,258.4
4642,266.48
4643,275.33
4644,279.28
4645,277.34
4646,284.65
4647,268.79
4648,268.42
4649,259.05
4650,278.45
4651,279.11
4652,282.41
4653,287.72
4654,283.81
4655,297.23
4656,297.61
4657,313.57
4658,292.49
4659,302.93
4660,320.51
4661,317.69
4662,312.26
4663,301.02
4664,299.26
4665,284.38
4666,304.77
4667,295.46
4668,304.86
4669,306.08
4670,288.77
4671,282.43
4672,288.06
4673,296.36
4674,301.56
4675,317.32
4676,327.36
4677,332.77
4678,337.37
4679,326.66
4680,326.15
4681,321.54
4682,329.3
4683,318.81
4684,305.61
4685,296.83
4686,281.08
4687,276.23
4688,280.18
4689,284.89
4690,274.14
4691,291.21
4692,299.55
4693,305.01
4694,294.68
4695,285.99
4696,273.31
4697,273.94
4698,272.67
4699,273.44
4700,274.7
4701,262.79
4702,268.94
4703,261.49
4704,271.13
4705,275.22
4706,297.37
4707,298.91
4708,317.29
4709,325.66
4710,313.82
4711,288.66
4712,283.64
4713,283.95
4714,290.32
4715,281.66
4716,294.58
4717,265.9
4718,280.24
4719,282.51
4720,292.14
4721,272.86
4722,284.89
4723,301.12
4724,308.1
4725,304.68
4726,306.76
4727,304.9
4728,306.59
4729,298.48
4730,292.15
4731,285.37
4732,295.66
4733,286.26
4734,297.35
4735,275.28
4736,293.57
4737,300.79
4738,313.19
4739,287.63
4740,292.14
4741,288.66
4742,291.01
4743,267.73
4744,272.55
4745,262.83
4746,260.88
4747,249.3
4748,249.87
4749,227.16
4750,231.06
4751,228.02
4752,220.54
4753,211.38
4754,220.06
4755,211.04
4756,207.81
4757,208.48
4758,216.56
4759,208.74
4760,210.22
4761,195.84
4762,192.9
4763,164.42
4764,166.1
4765,154.76
4766,159.97
4767,144.26
4768,160.63
4769,137.25
4770,147.29
4771,151.91
4772,164.02
4773,146.07
4774,146.16
4775,138.36
4776,142.68
4777,118.09
4778,111.79
4779,113.17
4780,129.16
4781,100.38
4782,106.2
4783,85.61
4784,115.24
4785,99.79
4786,99.46
4787,99.47
4788,103.43
4789,114.08
4790,110.14
4791,90.34
4792,91.91
4793,94.12
4794,110.55
4795,83.27
4796,96.24
4797,92.17
4798,118.36
4799,99.9
4800,96.59
4801,89.98
4802,86.63
4803,85.47
4804,76.39
4805,77.57
4806,88.69
4807,77.38
4808,79.15
4809,42.78
4810,65.3
4811,56.22
4812,56.07
4813,40.27
4814,37.03
4815,17.54
4816,19.29
4817,25.37
4818,34.5
4819,35.36
4820,34.29
4821,33.96
4822,28.43
4823,8.85
4824,25.78
4825,23.62
4826,41.06
4827,16.75
4828,23.12
4829,27.47
4830,33.55
4831,19.57
4832,20.54
4833,2.51
4834,0.94
4835,6.99
4836,6.89
4837,-17.17
4838,-6.92
4839,-5.82
4840,-5.37
4841,-20.01
4842,-9.87
4843,-2.95
4844,-3.07
4845,0.3
4846,-14.36
4847,-10.85
4848,-6.96
4849,-15.6
4850,-18.17
4851,-28.19
4852,-20.9
4853,-40.95
4854,-24.33
4855,-20.53
4856,-7.73
4857,-25.19
4858,-29.57
4859,-24.86
4860,-35.58
4861,-44.99
4862,-47.69
4863,-47.75
4864,-49.42
4865,-63.36
4866,-58.22
4867,-79.08
4868,-53.65
4869,-50.86
4870,-44.01
4871,-63.83
4872,-68.5
4873,-75.55
4874,-63.79
4875,-54.32
4876,-72.86
4877,-83.55
4878,-76.8
4879,-74.39
4880,-86.47
4881,-110.37
4882,-102.84
4883,-98.64
4884,-86.22
4885,-96.26
4886,-96.66
4887,-112.27
4888,-99.8
4889,-78.66
4890,-80.88
4891,-89.45
4892,-82.7
4893,-73.03
4894,-55.25
4895,-63.42
4896,-74.76
4897,-76.97
4898,-58.05
4899,-65.37
